"No.","Name","Price","Quantity"
1,"น้ำมะนาวแท้","60-80","ต่อชิ้น/ตัว/หัว/ลูก"
2,"มะเขือเหลือง","30-35","กิโลกรัม"
3,"มะเขือไข่เต่า","40-50","กิโลกรัม"
4,"มะเขือไข่เต่าม่วง","40-50","กิโลกรัม"
5,"มะเขือไข่เต่าขาว","40-50","กิโลกรัม"
6,"มะเขือลิง","40-50","กิโลกรัม"
7,"มะเขือสะดิ้ง","40-50","กิโลกรัม"
8,"พริกจินดา คละสี / พริกขี้หนู คละสี แห้ง ติดก้าน","0-0","กิโลกรัม"
9,"พริกยอดสนแดง","50-60","กิโลกรัม"
10,"พริกขี้หนูจินดาแห้ง (ไม่เด็ด)","135-235","กิโลกรัม"
11,"พริกขี้หนูจินดาแห้ง (เด็ด)","135-235","กิโลกรัม"
12,"พริกแดงเม็ดใหญ่แห้ง","92-110","กิโลกรัม"
13,"พริกยอดสนเขียว","100-160","กิโลกรัม"
14,"พริกขี้หนูสวน เด็ดก้าน","130-200","กิโลกรัม"
15,"พริกจินดา คละสี / พริกขี้หนู คละสี แห้ง เด็ดก้าน","0-0","กิโลกรัม"
16,"พริกขี้หนูยอดสนแห้ง","230-280","กิโลกรัม"
17,"พริกขี้หนูยอดสนเขียว","50-60","กิโลกรัม"
18,"พริกขี้หนูยอดสน คละสี","50-70","กิโลกรัม"
19,"ผักบุ้งนา / ผักบุ้งแดง","20-30","กิโลกรัม"
20,"ตะไคร้","10-15","กิโลกรัม"
21,"แขนง (กะหล่ำปลี)","60-70","กิโลกรัม"
22,"แขนงคะน้า","60-70","กิโลกรัม"
23,"เคล / คะน้าใบหยิก","90-100","กิโลกรัม"
24,"ผักแขยง","40-50","กิโลกรัม"
25,"มะเขือม่วงก้านเขียว","50-70","กิโลกรัม"
26,"กะหล่ำปลีพันธุ์หนัก (จีน) ลอก","30-35","กิโลกรัม"
27,"ผักกาดหางหงษ์","40-50","กิโลกรัม"
28,"กะหล่ำดาว","110-130","กิโลกรัม"
29,"กะหล่ำปลีพันธุ์เบา (จีน) ลอก","30-35","กิโลกรัม"
30,"กะหล่ำม่วง","25-30","กิโลกรัม"
31,"ฟักทองเกษตร ทองอำไพ – เบอร์เล็ก","17-18","กิโลกรัม"
32,"ฟักทองเกษตร ศิลาทอง – เบอร์ใหญ่","28-33","กิโลกรัม"
33,"ฟักทองเกษตร ทองอำไพ – เบอร์ใหญ่","28-33","กิโลกรัม"
34,"ฟักทองเกษตร ศรีเมือง – เบอร์ใหญ่","28-33","กิโลกรัม"
35,"ฟักทองคางคก – เบอร์กลาง","25-30","กิโลกรัม"
36,"ฟักทองคางคก – เบอร์เล็ก","17-18","กิโลกรัม"
37,"ฟักทองญี่ปุ่น ขนาดกลาง","50-55","กิโลกรัม"
38,"ฟักทองญี่ปุ่น","50-55","กิโลกรัม"
39,"ฟักทอง คละขนาด","22-25","กิโลกรัม"
40,"ฟักทองเกษตร ทองอำไพ – เบอร์กลาง","25-30","กิโลกรัม"
41,"ฟักทองเกษตรลาย – เบอร์กลาง","25-30","กิโลกรัม"
42,"หอมแดง ตัดจุก ไม่ปอกเปลือก ขนาดเล็ก","75-80","กิโลกรัม"
43,"ฟักทองเกษตรลาย – เบอร์ใหญ่","28-33","กิโลกรัม"
44,"ฟักทองคางคก – เบอร์ใหญ่","28-33","กิโลกรัม"
45,"หอมแดง ตัดจุก ไม่ปอกเปลือก ขนาดใหญ่","75-90","กิโลกรัม"
46,"หอมแดง ติดจุก ไม่ปอกเปลือก ขนาดใหญ่","75-85","กิโลกรัม"
47,"หอมแดง ติดจุก ไม่ปอกเปลือก ขนาดเล็ก","75-75","กิโลกรัม"
48,"หอมแดง","75-90","กิโลกรัม"
49,"มะเขือเทศเนื้อ","70-80","กิโลกรัม"
50,"ถั่วพู","100-140","กิโลกรัม"
51,"มะระจีน หน้า 4","28-36","กิโลกรัม"
52,"ข้าวโพดหวาน ปอกเปลือก ขนาดใหญ่","25-30","กิโลกรัม"
53,"ข้าวโพดข้าวเหนียว – เบอร์เล็ก","12-13","กิโลกรัม"
54,"ข้าวโพดหวาน ปอกเปลือก ขนาดเล็ก","18-20","กิโลกรัม"
55,"ข้าวโพดข้าวเหนียว ปอกเปลือก คละขนาด","0-0","กิโลกรัม"
56,"เมล็ดข้าวโพดสด","40-40","กิโลกรัม"
57,"กระเทียมไทย กลีบเล็ก ปอกเปลือก","90-110","กิโลกรัม"
58,"ข้าวโพดอ่อน","40-50","กิโลกรัม"
59,"ข้าวโพดอ่อน เปลือย","45-70","กิโลกรัม"
60,"กระเทียมไทย – เบอร์เล็ก","100-100","กิโลกรัม"
61,"กระเทียมไทย กลีบใหญ่ ปอกเปลือก","90-110","กิโลกรัม"
62,"กระเทียมจีน – เบอร์กลาง","70-80","กิโลกรัม"
63,"กระเทียมไทย – เบอร์กลาง","100-110","กิโลกรัม"
64,"หน่อไม้ไผ่ตง","15-25","กิโลกรัม"
65,"หน่อไม้ไผ่ตงต้ม","40-55","กิโลกรัม"
66,"ลูกมะกรูด – เบอร์กลาง (5 ก.ก.)","200-250","กิโลกรัม"
67,"ลูกมะกรูด – เบอร์เล็ก (5 ก.ก.)","150-180","กิโลกรัม"
68,"ลูกมะกรูด – เบอร์ใหญ่ (5 ก.ก.)","250-280","กิโลกรัม"
69,"ใบมะกรูด เด็ดใบ","40-60","กิโลกรัม"
70,"แครอท ออสเตรเลีย","20-35","กิโลกรัม"
71,"แครอท","20-30","กิโลกรัม"
72,"เบบี้แคร์รอต","100-130","กิโลกรัม"
73,"หอมหัวใหญ่ ไม่ปอกเปลือก เบอร์ A","35-40","กิโลกรัม"
74,"พริกยักษ์ คละสี","100-110","กิโลกรัม"
75,"พริกชี้ฟ้าเขียว (สดดำ)","70-80","กิโลกรัม"
76,"เห็ดหูหนูขาวสด","0-0","กิโลกรัม"
77,"มันฝรั่ง ไม่ล้าง คละขนาด","25-30","กิโลกรัม"
78,"มันม่วง ขนาดกลาง","15-18","กิโลกรัม"
79,"มันม่วง ขนาดใหญ่","23-24","กิโลกรัม"
80,"มันซุป/เบบี้โปเตโต้","28-40","กิโลกรัม"
81,"มันฝรั่ง ล้าง เบอร์ A","35-40","กิโลกรัม"
82,"มันม่วง คละขนาด","15-17","กิโลกรัม"
83,"มันญี่ปุ่น","70-80","กิโลกรัม"
84,"มันฝรั่ง – เบอร์กลาง","28-40","กิโลกรัม"
85,"มันฝรั่ง – เบอร์เล็ก","28-30","กิโลกรัม"
86,"มันฝรั่ง – เบอร์ใหญ่","35-40","กิโลกรัม"
87,"มันไข่ เหลือง ขนาดเล็ก","12-14","กิโลกรัม"
88,"มันฝรั่ง ล้าง เบอร์ O","35-38","กิโลกรัม"
89,"มันม่วง ขนาดเล็ก","13-15","กิโลกรัม"
90,"มันฝรั่ง ล้าง คละขนาด","28-40","กิโลกรัม"
91,"มันฝรั่ง ล้าง เบอร์ B","30-36","กิโลกรัม"
92,"ขิงแก่ ปอก ล้าง ตัดแต่ง","60-70","กิโลกรัม"
93,"ขิงซอย","50-60","กิโลกรัม"
94,"ขิงกะเทย","40-60","กิโลกรัม"
95,"ขิงหัว","50-70","กิโลกรัม"
96,"ขิง ปอกเปลือก","0-0","กิโลกรัม"
97,"พริกหวานเขียว","100-120","กิโลกรัม"
98,"พริกหวานแดง","120-120","กิโลกรัม"
99,"กะหล่ำดอกเจดีย์","60-75","กิโลกรัม"
100,"ดอกกุยช่ายขาว","80-90","กิโลกรัม"
101,"ใบกุ่ยช่าย","40-60","กิโลกรัม"
102,"– พริกหวานเหลือง","120-120",""
103,"ฟิลเลย์ไอซ์เบิร์ก (ไฮโดร)","120-130","กิโลกรัม"
104,"พริกเหลือง","100-120","กิโลกรัม"
105,"เรดคอรัล (ไฮโดร)","120-140","กิโลกรัม"
106,"เบบี้คอส (ไฮโดร)","55-70","กิโลกรัม"
107,"แตงโมอ่อน","25-30","กิโลกรัม"
108,"ยอดมะขามอ่อน","80-100","กิโลกรัม"
109,"แตงไทยอ่อน ขนาดใหญ่","26-30","กิโลกรัม"
110,"โต้วเหมี่ยว ( ต้นอ่อนถั่วลันเตา )","40-50","กิโลกรัม"
111,"ต้นอ่อนทานตะวัน","40-50","กิโลกรัม"
112,"ใบเตย","18-20","กิโลกรัม"
113,"สะตอแกะ","500-600","กิโลกรัม"
114,"หอมแขก ตัดจุก ไม่ปอกเปลือก ขนาดเล็ก","28-35","กิโลกรัม"
115,"หอมแขก ติดจุก ไม่ปอกเปลือก ขนาดเล็ก","28-35","กิโลกรัม"
116,"หอมแดง ติดจุก ไม่ปอกเปลือก คละขนาด","75-80","กิโลกรัม"
117,"หอมแขก ตัดจุก ปอกเปลือก ขนาดใหญ่","28-40","กิโลกรัม"
118,"หอมแขก ตัดจุก ปอกเปลือก ขนาดเล็ก","28-33","กิโลกรัม"
119,"สะตอ (ร้อยฝัก)","60-80","กิโลกรัม"
120,"หอมแขก ตัดจุก ไม่ปอกเปลือก ขนาดใหญ่","28-40","กิโลกรัม"
121,"หอมแขก ติดจุก ไม่ปอกเปลือก ขนาดใหญ่","28-40","กิโลกรัม"
122,"หอมแขก ติดจุก ไม่ปอกเปลือก คละขนาด","28-40","กิโลกรัม"
123,"หน่อไม้ฝรั่ง C (ดอกตูม)","90-100","กิโลกรัม"
124,"หน่อไม้ฝรั่ง B (ดอกตูม)","100-120","กิโลกรัม"
125,"หน่อไม้ฝรั่ง เบอร์ Jumbo","120-180","กิโลกรัม"
126,"ผักหวานป่า","80-160","กิโลกรัม"
127,"หน่อไม้สด หั่นเส้น","50-70","กิโลกรัม"
128,"แตงไทย – เบอร์กลาง","10-12","กิโลกรัม"
129,"ใบชะพลู","40-50","กิโลกรัม"
130,"ใบตอง","20-25","กิโลกรัม"
131,"หน่อไม้ต้ม","40-55","กิโลกรัม"
132,"ยอดมะพร้าวอ่อน","50-70","กิโลกรัม"
133,"เห็ดนางรม","50-70","กิโลกรัม"
134,"ถั่วแระ – มัด ( 5 กก )","100-130","กิโลกรัม"
135,"ถั่วลิสงแห้ง","87-90","กิโลกรัม"
136,"เห็ดนางรมหลวง (เห็ดออริจิ)","50-70","กิโลกรัม"
137,"ผักโขม","20-40","กิโลกรัม"
138,"มะเขือลาย","40-50","กิโลกรัม"
139,"เห็ดขอนขาว","100-140","กิโลกรัม"
140,"ดอกขจร","80-90","กิโลกรัม"
141,"ผักสลิด","80-90","กิโลกรัม"
142,"ยอดตำลึง","20-40","กิโลกรัม"
143,"มันสำปะหลัง – เบอร์ใหญ่","20-22","กิโลกรัม"
144,"มันสำปะหลัง – เบอร์เล็ก","12-13","กิโลกรัม"
145,"พาร์สเลย์","80-100","กิโลกรัม"
146,"ผักกระเฉด – มัด (10 กำใหญ่)","80-90","กิโลกรัม"
147,"มันสำปะหลัง คละขนาด","13-15","กิโลกรัม"
148,"น้ำเต้า","16-20","กิโลกรัม"
149,"ผักกระเฉด เด็ด","80-100","กิโลกรัม"
150,"เห็ดโคนญี่ปุ่น","70-85","กิโลกรัม"
151,"เห็ดโคนหิมะ","70-85","กิโลกรัม"
152,"ผักปลัง","70-80","กิโลกรัม"
153,"ผักโขมจีน","80-90","กิโลกรัม"
154,"ปวยเล้ง","70-80","กิโลกรัม"
155,"บีทรูท","35-40","กิโลกรัม"
156,"บัตเตอร์เฮด","80-100","กิโลกรัม"
157,"ใบยี่หร่า","40-50","กิโลกรัม"
158,"ดอกแค","40-60","กิโลกรัม"
159,"เห็ดชิเมจิขาวและน้ำตาล","70-80","กิโลกรัม"
160,"เห็ดเข็มทอง","40-70","กิโลกรัม"
161,"เห็ดชิเมจิขาว","70-80","กิโลกรัม"
162,"หัวปลี","10-12","กิโลกรัม"
163,"หัวปลี ขนาดเล็ก","10-12","กิโลกรัม"
164,"หัวปลี ขนาดใหญ่","10-12","กิโลกรัม"
165,"หัวปลี ขนาดกลาง","10-12","กิโลกรัม"
166,"เห็ดชิเมจิน้ำตาล","70-80",""
167,"ยอดผักขี้เหล็กต้ม","40-50","กิโลกรัม"
168,"ดอกขี้เหล็กต้ม","70-80","กิโลกรัม"
169,"ใบขี้เหล็กต้ม","35-50","กิโลกรัม"
170,"แตงไทยอ่อน","26-30","กิโลกรัม"
171,"แตงไทยอ่อน ขนาดกลาง","26-30","กิโลกรัม"
172,"แห้วต้มปอกเปลือก","75-80","กิโลกรัม"
173,"แห้วดิบ ไม่ปอกเปลือก คละขนาด","40-50","กิโลกรัม"
174,"แห้วดิบปอกเปลือก","70-75","กิโลกรัม"
175,"ยอดสะเดา","40-50","กิโลกรัม"
176,"ดอกสะเดา","120-150","กิโลกรัม"
177,"กระเทียมจีน ปอก ล้าง ตัดแต่ง คละขนาด","70-80","กิโลกรัม"
178,"ยอดฟักทอง","40-50","กิโลกรัม"
179,"กระเทียมจีน กลีบใหญ่ ปอกเปลือก","80-90","กิโลกรัม"
180,"กระเทียมจีน กลีบเล็ก ปอกเปลือก","70-80","กิโลกรัม"
181,"กระเทียมจีน – เบอร์เล็ก","70-75","กิโลกรัม"
182,"มะรุม ไม่ปอกเปลือก","15-20","กิโลกรัม"
183,"มะรุม ปอกเปลือก","24-40","กิโลกรัม"
184,"เซเลอรี่","50-70","กิโลกรัม"
185,"ฟักเขียว แก่ ขนาดเล็ก","22-24","กิโลกรัม"
186,"ลูกฟักแม้ว","20-30","กิโลกรัม"
187,"ฟักข้าว","10-12",""
188,"ยอดมะระขี้นก","25-30","กิโลกรัม"
189,"ฟักเขียว แก่ ขนาดกลาง","16-20","กิโลกรัม"
190,"ฟักเขียว แก่ ขนาดใหญ่","12-18","กิโลกรัม"
191,"พริกแดงตุ้มพม่าแห้ง","92-110","กิโลกรัม"
192,"โครอล","70-80","กิโลกรัม"
193,"สายบัวลอก","20-25","กิโลกรัม"
194,"ไหลบัว","65-70","กิโลกรัม"
195,"สายบัว หั่นท่อน","20-25","กิโลกรัม"
196,"มะเขือเสวย / มะเขือไข่ยาว สีม่วง","35-38","กิโลกรัม"
197,"มันไข่ – เบอร์ใหญ่","16-17","กิโลกรัม"
198,"มันไข่ ส้ม ขนาดเล็ก","12-14","กิโลกรัม"
199,"มันไข่ส้ม","13-17","กิโลกรัม"
200,"มันไข่ เหลือง คละขนาด","0-0","กิโลกรัม"
201,"มะเขือเสวย / มะเขือไข่ยาว คละสี","35-40","กิโลกรัม"
202,"มะเขือเสวย / มะเขือไข่ยาว สีเขียว","35-40","กิโลกรัม"
203,"มะเขือเสวย / มะเขือไข่ยาว สีขาว","35-40","กิโลกรัม"
204,"มันไข่ ส้ม ขนาดใหญ่","16-17","กิโลกรัม"
205,"ไควาเระ","40-50","กิโลกรัม"
206,"บอระเพ็ด","50-60","กิโลกรัม"
207,"เกาลัด","130-250","กิโลกรัม"
208,"ผักแว่น","70-80","กิโลกรัม"
209,"หน่อไม้นึ่ง","40-55","กิโลกรัม"
210,"สมอ","40-50","กิโลกรัม"
211,"ใบเหลียง","100-140","กิโลกรัม"
212,"ผักแพว","40-50","กิโลกรัม"
213,"โรสแมรี","0-0","กิโลกรัม"
214,"เห็ดแชมปิญองขาว","180-230","กิโลกรัม"
215,"ดอกขี้เหล็ก","70-80","กิโลกรัม"
216,"เห็ดแชมปิญองน้ำตาล","180-230","กิโลกรัม"
217,"ดอกโสน","50-80","กิโลกรัม"
218,"ใบย่านาง","70-80","กิโลกรัม"
219,"ดอกอัญชัน","80-90","กิโลกรัม"
220,"พริกไทยขาว","230-265","กิโลกรัม"
221,"ใบขี้เหล็ก","20-40","กิโลกรัม"
222,"ใบยอ","15-20","กิโลกรัม"
223,"มันเทศไทย ขนาดกลาง","20-25","กิโลกรัม"
224,"มันเทศไทย ขนาดเล็ก","18-20","กิโลกรัม"
225,"มันเทศ – เบอร์ใหญ่","25-30","กิโลกรัม"
226,"มันเทศ – เบอร์เล็ก","18-20","กิโลกรัม"
227,"มันแกว – เบอร์เล็ก","10-11","กิโลกรัม"
228,"มันแกว ขนาดใหญ่","17-20","กิโลกรัม"
229,"มันแกว คละขนาด","11-16","กิโลกรัม"
230,"เห็ดหูหนู","50-60","กิโลกรัม"
231,"มันแกว – เบอร์กลาง","15-16","กิโลกรัม"
232,"มันแกว ขนาดเล็ก","10-11","กิโลกรัม"
233,"มะขามอ่อน","40-50","กิโลกรัม"
234,"หอมหัวใหญ่ ไม่ปอกเปลือก คละขนาด","28-40","กิโลกรัม"
235,"หอมแขก ตัดจุก ปอกเปลือก คละขนาด","28-50","กิโลกรัม"
236,"หอมหัวใหญ่","28-40","กิโลกรัม"
237,"ข้าวโพดข้าวเหนียว – เบอร์กลาง","15-18","กิโลกรัม"
238,"กระชายซอย","90-140","กิโลกรัม"
239,"รากผักชี","100-120","กิโลกรัม"
240,"ซูกินี","80-90","กิโลกรัม"
241,"ผักกาดเขียว","10-20","กิโลกรัม"
242,"เห็ดกระด้าง","120-180","กิโลกรัม"
243,"ผักกาดขาวปลี / ไชลุ้ย (จีน) ลอก","40-45","กิโลกรัม"
244,"มันสำปะหลัง ขนาดกลาง","18-20","กิโลกรัม"
245,"กระเทียมโทน","130-150","กิโลกรัม"
246,"หน่อไม้หวาน","16-20","กิโลกรัม"
247,"บวบงู","30-40","กิโลกรัม"
248,"พริกขี้หนูสวนหอม เด็ดก้าน","160-300","กิโลกรัม"
249,"มะขามเปียก ติดเม็ด","50-60","กิโลกรัม"
250,"มะขามเปียก แกะเม็ด ติดก้าน","70-75","กิโลกรัม"
251,"มะนาวตาฮิติ","250-350",""
252,"แตงร้าน","18-20","กิโลกรัม"
253,"ผักหวานบ้าน","80-120","กิโลกรัม"
254,"มะนาว 600 ลูก/กระสอบ","500-600","กระสอบ"
255,"คะน้าต้นอ้วน / คะน้าเห็ดหอม","20-30","กิโลกรัม"
256,"สะระแหน่","100-150","กิโลกรัม"
257,"แตงร้าน ขนาดกลาง","18-19","กิโลกรัม"
258,"ผักบุ้งน้ำ – มัด (25 กำ)","8-12","กิโลกรัม"
259,"ผักบุ้งไทย(ผักบุ้งนา) – มัด (10 กำ)","8-12","กิโลกรัม"
260,"มะกอกป่า","40-60","กิโลกรัม"
261,"ใบกระเพรา","20-30","กิโลกรัม"
262,"พริกชี้ฟ้าแดง (สดแดง)","60-70","กิโลกรัม"
263,"กระชายหัว","100-150","กิโลกรัม"
264,"เห็ดฟาง – เบอร์เล็ก","40-50","กิโลกรัม"
265,"เห็ดฟาง – เบอร์กลาง","60-80","กิโลกรัม"
266,"เห็ดนางฟ้าภูฐาน","80-90","กิโลกรัม"
267,"เห็ดนางฟ้าน้ำตาล","80-90","กิโลกรัม"
268,"ฟักอ่อน","12-14","กิโลกรัม"
269,"เห็ดฟาง คละขนาด","40-130","กิโลกรัม"
270,"มันต่อเผือก","14-16","กิโลกรัม"
271,"ถั่วลิสงต้ม","70-75","กิโลกรัม"
272,"มันเทียน","0-0","กิโลกรัม"
273,"กระจับ","30-30","กิโลกรัม"
274,"ผักกาดแก้ว","80-90","กิโลกรัม"
275,"ขมิ้นขาว","90-130","กิโลกรัม"
276,"ข่าอ่อน","65-70","กิโลกรัม"
277,"ใบบัวบก","30-40","กิโลกรัม"
278,"พริกชี้ฟ้าเหลือง ติดก้าน","80-100","กิโลกรัม"
279,"ลูกมะกรูด คละขนาด","30-40","กิโลกรัม"
280,"มะนาว 500 ลูก/กระสอบ","1000-1100","กระสอบ"
281,"พริกขี้หนูสวนหอม ติดก้าน","120-240","กิโลกรัม"
282,"ข่าแก่","35-40","กิโลกรัม"
283,"ขิงอ่อน","60-70","กิโลกรัม"
284,"ขมิ้นเหลือง","50-60","กิโลกรัม"
285,"กวางตุ้งไต้หวัน","16-26","กิโลกรัม"
286,"แตงกวาไทย ขนาดกลาง","16-18","กิโลกรัม"
287,"ต้นหอมญี่ปุ่น ใบสั้น","100-120","กิโลกรัม"
288,"เห็ดฟาง – เบอร์ใหญ่","100-150","กิโลกรัม"
289,"มะเขือพวง (ไม่เด็ด)","50-60","กิโลกรัม"
290,"ใบมะกรูด","40-50","กิโลกรัม"
291,"หัวไชเท้า ขนาดกลาง","30-34","กิโลกรัม"
292,"หัวไชเท้า ขนาดเล็ก","30-32","กิโลกรัม"
293,"หัวไชเท้า ขนาดใหญ่","20-38","กิโลกรัม"
294,"มะเขือเทศท้อเขียว","20-30","กิโลกรัม"
295,"กระเจี๊ยบเขียว","20-30","กิโลกรัม"
296,"บวบเหลี่ยม","18-24","กิโลกรัม"
297,"กระเทียมไทย มัดจุก","100-110","กิโลกรัม"
298,"ต้นหอมญี่ปุ่น","90-100","กิโลกรัม"
299,"แตงกวาไทย ขนาดเล็ก","18-25","กิโลกรัม"
300,"กระเทียมไทย – เบอร์ใหญ่","100-110","กิโลกรัม"
301,"แตงกวาอ่อน","18-25","กิโลกรัม"
302,"กระเทียมจีน – เบอร์ใหญ่","70-80","กิโลกรัม"
303,"เห็ดหอมสด ขนาดกลาง","160-170","กิโลกรัม"
304,"มะละกอดิบ คละขนาด","10-20","กิโลกรัม"
305,"มะขามเปียกแกะเม็ด (ไม่มีก้าน)","80-100","กิโลกรัม"
306,"เห็ดหอมสด ขนาดเล็ก","160-170","กิโลกรัม"
307,"เห็ดหอมสด","160-180","กิโลกรัม"
308,"ถั่วฝักยาว","20-30","กิโลกรัม"
309,"มะละกอดิบ","10-22","กิโลกรัม"
310,"กะหล่ำปลี (แต่งผล)","15-25","กิโลกรัม"
311,"เห็ดหอมสด ขนาดใหญ่","170-180","กิโลกรัม"
312,"เผือกหอม – เบอร์เล็ก","40-43","กิโลกรัม"
313,"เผือกหอม – เบอร์ใหญ่","60-65","กิโลกรัม"
314,"ผักชีลาว","40-60","กิโลกรัม"
315,"ข้าวโพดข้าวเหนียว – เบอร์ใหญ่","16-20","กิโลกรัม"
316,"ถั่วลิสงดิบ","50-65","กิโลกรัม"
317,"รากผักชี ล้าง ตัดแต่ง","100-130","กิโลกรัม"
318,"กวางตุ้ง","10-14","กิโลกรัม"
319,"ผักชีฝรั่ง","70-80","กิโลกรัม"
320,"ข้าวโพดหวาน – เบอร์กลาง","10-12","กิโลกรัม"
321,"มะนาวเบอร์ 400 /กระสอบ","1100-1300","กระสอบ"
322,"มะเขือเทศราชินี","50-80","กิโลกรัม"
323,"ข้าวโพดหวาน – เบอร์เล็ก","8-10","กิโลกรัม"
324,"มะเขือเทศราชินี / มะเขือเทศเชอร์รี่ สีส้มแดงอ่อน คละขนาด","50-70","กิโลกรัม"
325,"มะเขือเทศสีดา","20-25","กิโลกรัม"
326,"มะเขือเทศสีดา สีเขียวปนชมพู","18-20","กิโลกรัม"
327,"แตงไทย – เบอร์ใหญ่","15-16","กิโลกรัม"
328,"มะเขือเทศท้อแดงปนเขียว","18-20","กิโลกรัม"
329,"มะเขือเทศท้อแดง","25-30","กิโลกรัม"
330,"ต้นหอม","140-170","กิโลกรัม"
331,"กรีนโอ๊ค","110-130","กิโลกรัม"
332,"แตงกวาญี่ปุ่น","60-70","กิโลกรัม"
333,"เรดโอ๊ค","110-130","กิโลกรัม"
334,"บวบหอม","25-28","กิโลกรัม"
335,"ชะอม","80-100","กิโลกรัม"
336,"ผักบุ้งจีน","14-25","กิโลกรัม"
337,"คะน้าต้น","26-28","กิโลกรัม"
338,"มะระจีน","28-30","กิโลกรัม"
339,"คะน้ายอด","30-40","กิโลกรัม"
340,"แตงกวากลาง","20-22","กิโลกรัม"
341,"บรอกโคลี หัวใหญ่","130-140","กิโลกรัม"
342,"บรอกโคลี หัวเล็ก","120-130","กิโลกรัม"
343,"พริกไทยอ่อน","150-170","กิโลกรัม"
344,"พริกขี้หนูสวน (เม็ดใหญ่-เม็ดเล็ก)","120-230","กิโลกรัม"
345,"พริกขี้หนูแดง (ซุปเปอร์ฮ็อต)","45-70","กิโลกรัม"
346,"กะหล่ำปลีพันธุ์เบา (ไทย) ลอก","15-30","กิโลกรัม"
347,"เบบี้กวางตุ้งไต้หวัน","80-90","กิโลกรัม"
348,"กะหล่ำปลี (ไม่แต่งผล)","9-11","กิโลกรัม"
349,"ถั่วลันเตาแบน","140-160","กิโลกรัม"
350,"กะหล่ำดอก","60-70","กิโลกรัม"
351,"ผักชีไทย","150-190","กิโลกรัม"
352,"คอส","120-130","กิโลกรัม"
353,"พริกขี้หนูเขียว (ซุปเปอร์ฮ็อต)","60-65","กิโลกรัม"
354,"กะหล่ำปลีพันธุ์เบา (ไทย) ไม่ลอก","10-12","กิโลกรัม"
355,"ผักกาดขาวปลี / ไชลุ้ย (จีน) ไม่ลอก","30-40","กิโลกรัม"
356,"มะระขี้นก","16-20","กิโลกรัม"
357,"ใบแมงลัก","30-40","กิโลกรัม"
358,"บร็อคโคลี่","130-140","กิโลกรัม"
359,"มะเขือเปราะ","16-20","กิโลกรัม"
360,"พริกขี้หนูแดง ( จินดา)","45-70","กิโลกรัม"
361,"พริกขี้หนูเขียว ( จินดา)","60-65","กิโลกรัม"
362,"กวางตุ้งดอก","20-24","กิโลกรัม"
363,"ยอดคะน้าฮ่องกง","85-90","กิโลกรัม"
364,"กะหล่ำปลีพันธุ์หนัก (จีน) ไม่ลอก","26-40","กิโลกรัม"
365,"กะหล่ำปลีพันธุ์เบา (จีน) ไม่ลอก","26-40","กิโลกรัม"
366,"แรดิช","100-110","กิโลกรัม"
367,"ผักกาดขาว (ลุ้ยไม่แต่งผล)","17-18","กิโลกรัม"
368,"เห็ดนางฟ้า","70-80","กิโลกรัม"
369,"ผักกาดขาว (ลุ้ย แต่งผล)","40-50","กิโลกรัม"
370,"คึ่นช่าย (ตั้งโอ๋ไทย)","80-120","กิโลกรัม"
371,"กะหล่ำดอกจีน","140-160","กิโลกรัม"
372,"หอมแขก","28-50","กิโลกรัม"
373,"มะเขือม่วง","50-70","กิโลกรัม"
374,"ฟักทองเกษตร ศรีเมือง – เบอร์เล็ก","17-18",""
375,"ฟักทองเกษตร ศรีเมือง – เบอร์กลาง","25-30",""
376,"ฟักทองเกษตร ศิลาทอง – เบอร์เล็ก","17-18",""
377,"ฟักทองเกษตร ศิลาทอง – เบอร์กลาง","25-30",""
378,"ฟักทองเกษตรลาย – เบอร์เล็ก","17-18",""
379,"ใบกุยช่ายขาว","120-140","กิโลกรัม"
380,"หน่อไม้ฝรั่ง A (ดอกตูม)","120-140","กิโลกรัม"
381,"แตงไทย – เบอร์เล็ก","6-7",""
382,"ถั่วเคลือบอบงา","90-100",""
383,"ถั่วสมุนไพร","100-120",""
384,"ถั่วดำ – เล็ก","42-45",""
385,"ถั่วขาว","80-85",""
386,"ใบยี่หร่า – กำ","20-30",""
387,"ระกำเปรี้ยว – เบอร์ใหญ่","0-0",""
388,"ระกำหวาน – เบอร์ใหญ่","0-0",""
389,"ระกำหวาน – เบอร์เล็ก","0-0",""
390,"ระกำหวาน – เบอร์กลาง","0-0",""
391,"ระกำเปรี้ยว – เบอร์กลาง","0-0",""
392,"ยอดฟักแม้ว","40-50","กิโลกรัม"
393,"เห็ดเป๋าฮื้อ","0-0",""
394,"เห็ดหอมแห้งจัมโบ้ – ถุง 1 กิโลกรัม","300-400",""
395,"เห็ดหอมแห้งเล็กและจิ๋ว – ถุง 1 กิโลกรัม","260-280",""
396,"เห็ดหอมแห้งจัมโบ้ลาย – ถุง 1 กิโลกรัม","300-400",""
397,"เห็ดหอมแห้งใหญ่ – ถุง 1 กิโลกรัม","280-300",""
398,"ใบหมากผู้หมากเมีย – กำ (50 ใบ)","0-0",""
399,"พีช (โดนัท) จีน – กล่อง 5-7 กก.","0-0",""
400,"ใบกวนอิมเขียว – กำ (10 ใบ)","0-0",""
401,"ใบซานาดู – กำ (10 ใบ)","0-0",""
402,"พีช (โดนัท) อเมริกา – กล่อง 12-16 ลูก","0-0",""
403,"พีช (ผิวมัน) อเมริกา – กล่อง 5-7 กก.","0-0",""
404,"พีช (โดนัท) อเมริกา – กล่อง 5-7 กก.","0-0",""
405,"พีช (ขน) อเมริกา – กล่อง 5-7 กก.","0-2",""
406,"พีช (ขน) จีน – กล่อง 5-7 กก.","350-470",""
407,"พีช ญี่ปุ่น – กล่อง 8-12 ลูก","0-0",""
408,"พีช (ผิวมัน) จีน – กล่อง 5-7 กก.","450-550",""
409,"กะหล่ำปลีหัวใจ","20-30","กิโลกรัม"
410,"ใบโหระพา","20-30","กิโลกรัม"
411,"ฟักแก่","12-15","กิโลกรัม"
412,"ดอกกุ้ยช่าย","80-120","กิโลกรัม"
413,"มะเขือพวง (เด็ด)","70-80","กิโลกรัม"
414,"ต้นกระเทียม","65-75","กิโลกรัม"
415,"ผักกาดหอม","40-60","กิโลกรัม"
416,"เผือกหอม – เบอร์กลาง","40-45","กิโลกรัม"
417,"ดอกหอม","50-70","กิโลกรัม"
418,"ข้าวโพดหวาน – เบอร์ใหญ่","12-15","กิโลกรัม"
419,"หัวไชเท้า","35-40","กิโลกรัม"
420,"พริกยำเขียว","50-60","กิโลกรัม"
421,"ถั่วลันเตา","140-160","กิโลกรัม"
422,"คะน้าฮ่องกง","85-90","กิโลกรัม"
423,"พริกยำขาว","50-55","กิโลกรัม"
424,"พริกยำแดง","70-80","กิโลกรัม"
425,"พริกหยวก","60-70","กิโลกรัม"
426,"ถั่วแขก","40-50","กิโลกรัม"
427,"มันญี่ปุ่น เนื้อสีม่วง ขนาดใหญ่","80-120","กิโลกรัม"
428,"เลม่อน","450-650","กล่อง"
429,"มันญี่ปุ่น เนื้อสีม่วง คละขนาด","90-135","กิโลกรัม"
430,"มันญี่ปุ่น เนื้อสีม่วง ขนาดเล็ก","90-120","กิโลกรัม"
431,"มะขามป้อม","60-110","กิโลกรัม"
432,"มันญี่ปุ่น เนื้อสีเหลือง ขนาดกลาง","100-120","กิโลกรัม"
433,"มันญี่ปุ่น เนื้อสีเหลือง ขนาดเล็ก","90-130","กิโลกรัม"
434,"มันญี่ปุ่น เนื้อสีเหลือง ขนาดใหญ่","130-170","กิโลกรัม"
435,"มันญี่ปุ่น เนื้อสีม่วง ขนาดกลาง","100-120","กิโลกรัม"
436,"มะเขือยาว","24-30","กิโลกรัม"
437,"พริกไทยเม็ด","140-250","กิโลกรัม"
438,"เสาวรส","40-70","กิโลกรัม"
439,"อะโวคาโด","45-70","กิโลกรัม"